btox_median,mean_E_44_median
1.7973947916179895,-6.936363636363636
